{
  "formatVersion": 1,
  "database": {
    "version": 1,
    "identityHash": "08133973bd219b549c59a2d675679807",
    "entities": [
      {
        "tableName": "FeatureLog",
        "createSql": "CREATE TABLE IF NOT EXISTS `${TABLE_NAME}` (`nodeName` TEXT NOT NULL, `featureName` TEXT NOT NULL, `timestamp` TEXT NOT NULL, `id` INTEGER NOT NULL, PRIMARY KEY(`id`))",
        "fields": [
          {
            "fieldPath": "nodeName",
            "columnName": "nodeName",
            "affinity": "TEXT",
            "notNull": true
          },
          {
            "fieldPath": "featureName",
            "columnName": "featureName",
            "affinity": "TEXT",
            "notNull": true
          },
          {
            "fieldPath": "timestamp",
            "columnName": "timestamp",
            "affinity": "TEXT",
            "notNull": true
          },
          {
            "fieldPath": "id",
            "columnName": "id",
            "affinity": "INTEGER",
            "notNull": true
          }
        ],
        "primaryKey": {
          "autoGenerate": false,
          "columnNames": [
            "id"
          ]
        },
        "indices": [],
        "foreignKeys": []
      },
      {
        "tableName": "FeatureUpdateLog",
        "createSql": "CREATE TABLE IF NOT EXISTS `${TABLE_NAME}` (`featureLogId` INTEGER NOT NULL, `timestamp` TEXT NOT NULL, `hostTimestamp` INTEGER NOT NULL, `data` TEXT NOT NULL, `rawData` TEXT NOT NULL, `id` INTEGER PRIMARY KEY AUTOINCREMENT NOT NULL)",
        "fields": [
          {
            "fieldPath": "featureLogId",
            "columnName": "featureLogId",
            "affinity": "INTEGER",
            "notNull": true
          },
          {
            "fieldPath": "timestamp",
            "columnName": "timestamp",
            "affinity": "TEXT",
            "notNull": true
          },
          {
            "fieldPath": "hostTimestamp",
            "columnName": "hostTimestamp",
            "affinity": "INTEGER",
            "notNull": true
          },
          {
            "fieldPath": "data",
            "columnName": "data",
            "affinity": "TEXT",
            "notNull": true
          },
          {
            "fieldPath": "rawData",
            "columnName": "rawData",
            "affinity": "TEXT",
            "notNull": true
          },
          {
            "fieldPath": "id",
            "columnName": "id",
            "affinity": "INTEGER",
            "notNull": true
          }
        ],
        "primaryKey": {
          "autoGenerate": true,
          "columnNames": [
            "id"
          ]
        },
        "indices": [],
        "foreignKeys": []
      }
    ],
    "views": [],
    "setupQueries": [
      "CREATE TABLE IF NOT EXISTS room_master_table (id INTEGER PRIMARY KEY,identity_hash TEXT)",
      "INSERT OR REPLACE INTO room_master_table (id,identity_hash) VALUES(42, '08133973bd219b549c59a2d675679807')"
    ]
  }
}