{
  "formatVersion": 1,
  "database": {
    "version": 19,
    "identityHash": "9a9f0cbe282f044859984febad557f97",
    "entities": [
      {
        "tableName": "board_firmware",
        "createSql": "CREATE TABLE IF NOT EXISTS `${TABLE_NAME}` (`ble_dev_id` TEXT NOT NULL, `ble_fw_id` TEXT NOT NULL, `board_name` TEXT NOT NULL, `fw_version` TEXT NOT NULL, `fw_name` TEXT NOT NULL, `dtmi` TEXT, `cloud_apps` TEXT NOT NULL, `characteristics` TEXT NOT NULL, `option_bytes` TEXT NOT NULL, `fw_desc` TEXT NOT NULL, `changelog` TEXT, `fota` TEXT NOT NULL, `compatible_sensor_adapters` TEXT, `demoDecorator` TEXT, `maturity` TEXT NOT NULL, PRIMARY KEY(`ble_dev_id`, `ble_fw_id`))",
        "fields": [
          {
            "fieldPath": "bleDevId",
            "columnName": "ble_dev_id",
            "affinity": "TEXT",
            "notNull": true
          },
          {
            "fieldPath": "bleFwId",
            "columnName": "ble_fw_id",
            "affinity": "TEXT",
            "notNull": true
          },
          {
            "fieldPath": "brdName",
            "columnName": "board_name",
            "affinity": "TEXT",
            "notNull": true
          },
          {
            "fieldPath": "fwVersion",
            "columnName": "fw_version",
            "affinity": "TEXT",
            "notNull": true
          },
          {
            "fieldPath": "fwName",
            "columnName": "fw_name",
            "affinity": "TEXT",
            "notNull": true
          },
          {
            "fieldPath": "dtmi",
            "columnName": "dtmi",
            "affinity": "TEXT",
            "notNull": false
          },
          {
            "fieldPath": "cloudApps",
            "columnName": "cloud_apps",
            "affinity": "TEXT",
            "notNull": true
          },
          {
            "fieldPath": "characteristics",
            "columnName": "characteristics",
            "affinity": "TEXT",
            "notNull": true
          },
          {
            "fieldPath": "optionBytes",
            "columnName": "option_bytes",
            "affinity": "TEXT",
            "notNull": true
          },
          {
            "fieldPath": "fwDesc",
            "columnName": "fw_desc",
            "affinity": "TEXT",
            "notNull": true
          },
          {
            "fieldPath": "changelog",
            "columnName": "changelog",
            "affinity": "TEXT",
            "notNull": false
          },
          {
            "fieldPath": "fota",
            "columnName": "fota",
            "affinity": "TEXT",
            "notNull": true
          },
          {
            "fieldPath": "compatibleSensorAdapters",
            "columnName": "compatible_sensor_adapters",
            "affinity": "TEXT",
            "notNull": false
          },
          {
            "fieldPath": "demoDecorator",
            "columnName": "demoDecorator",
            "affinity": "TEXT",
            "notNull": false
          },
          {
            "fieldPath": "maturity",
            "columnName": "maturity",
            "affinity": "TEXT",
            "notNull": true
          }
        ],
        "primaryKey": {
          "autoGenerate": false,
          "columnNames": [
            "ble_dev_id",
            "ble_fw_id"
          ]
        },
        "indices": [],
        "foreignKeys": []
      },
      {
        "tableName": "board_description",
        "createSql": "CREATE TABLE IF NOT EXISTS `${TABLE_NAME}` (`ble_dev_id` TEXT NOT NULL, `nfc_dev_id` TEXT, `usb_dev_id` TEXT, `unique_dev_id` INTEGER NOT NULL, `brd_name` TEXT NOT NULL, `brd_variant` TEXT, `friendly_name` TEXT NOT NULL, `status` TEXT NOT NULL, `description` TEXT, `documentation_url` TEXT, `order_url` TEXT, `video_url` TEXT, `release_date` TEXT, PRIMARY KEY(`ble_dev_id`))",
        "fields": [
          {
            "fieldPath": "bleDevId",
            "columnName": "ble_dev_id",
            "affinity": "TEXT",
            "notNull": true
          },
          {
            "fieldPath": "usb_dev_id",
            "columnName": "nfc_dev_id",
            "affinity": "TEXT",
            "notNull": false
          },
          {
            "fieldPath": "usbDevId",
            "columnName": "usb_dev_id",
            "affinity": "TEXT",
            "notNull": false
          },
          {
            "fieldPath": "uniqueDevId",
            "columnName": "unique_dev_id",
            "affinity": "INTEGER",
            "notNull": true
          },
          {
            "fieldPath": "boardName",
            "columnName": "brd_name",
            "affinity": "TEXT",
            "notNull": true
          },
          {
            "fieldPath": "boardVariant",
            "columnName": "brd_variant",
            "affinity": "TEXT",
            "notNull": false
          },
          {
            "fieldPath": "friendlyName",
            "columnName": "friendly_name",
            "affinity": "TEXT",
            "notNull": true
          },
          {
            "fieldPath": "status",
            "columnName": "status",
            "affinity": "TEXT",
            "notNull": true
          },
          {
            "fieldPath": "description",
            "columnName": "description",
            "affinity": "TEXT",
            "notNull": false
          },
          {
            "fieldPath": "docURL",
            "columnName": "documentation_url",
            "affinity": "TEXT",
            "notNull": false
          },
          {
            "fieldPath": "orderURL",
            "columnName": "order_url",
            "affinity": "TEXT",
            "notNull": false
          },
          {
            "fieldPath": "videoURL",
            "columnName": "video_url",
            "affinity": "TEXT",
            "notNull": false
          },
          {
            "fieldPath": "releaseDate",
            "columnName": "release_date",
            "affinity": "TEXT",
            "notNull": false
          }
        ],
        "primaryKey": {
          "autoGenerate": false,
          "columnNames": [
            "ble_dev_id"
          ]
        },
        "indices": [],
        "foreignKeys": []
      },
      {
        "tableName": "sensor_adapters",
        "createSql": "CREATE TABLE IF NOT EXISTS `${TABLE_NAME}` (`unique_id` INTEGER, `id` TEXT NOT NULL, `description` TEXT NOT NULL, `icon` TEXT NOT NULL, `output` TEXT NOT NULL, `outputs` TEXT NOT NULL, `model` TEXT NOT NULL, `notes` TEXT NOT NULL, `dataType` TEXT NOT NULL, `um` TEXT NOT NULL, `fullScaleUm` TEXT NOT NULL, `datasheetLink` TEXT NOT NULL, `fullScales` TEXT, `powerModes` TEXT, `acquisitionTime` REAL, `samplingFrequencies` TEXT, `bleMaxOdr` REAL, `board_compatibility` TEXT NOT NULL, `configuration` TEXT, PRIMARY KEY(`unique_id`))",
        "fields": [
          {
            "fieldPath": "unique_id",
            "columnName": "unique_id",
            "affinity": "INTEGER",
            "notNull": false
          },
          {
            "fieldPath": "id",
            "columnName": "id",
            "affinity": "TEXT",
            "notNull": true
          },
          {
            "fieldPath": "description",
            "columnName": "description",
            "affinity": "TEXT",
            "notNull": true
          },
          {
            "fieldPath": "icon",
            "columnName": "icon",
            "affinity": "TEXT",
            "notNull": true
          },
          {
            "fieldPath": "output",
            "columnName": "output",
            "affinity": "TEXT",
            "notNull": true
          },
          {
            "fieldPath": "outputs",
            "columnName": "outputs",
            "affinity": "TEXT",
            "notNull": true
          },
          {
            "fieldPath": "model",
            "columnName": "model",
            "affinity": "TEXT",
            "notNull": true
          },
          {
            "fieldPath": "notes",
            "columnName": "notes",
            "affinity": "TEXT",
            "notNull": true
          },
          {
            "fieldPath": "dataType",
            "columnName": "dataType",
            "affinity": "TEXT",
            "notNull": true
          },
          {
            "fieldPath": "um",
            "columnName": "um",
            "affinity": "TEXT",
            "notNull": true
          },
          {
            "fieldPath": "fullScaleUm",
            "columnName": "fullScaleUm",
            "affinity": "TEXT",
            "notNull": true
          },
          {
            "fieldPath": "datasheetLink",
            "columnName": "datasheetLink",
            "affinity": "TEXT",
            "notNull": true
          },
          {
            "fieldPath": "fullScales",
            "columnName": "fullScales",
            "affinity": "TEXT",
            "notNull": false
          },
          {
            "fieldPath": "powerModes",
            "columnName": "powerModes",
            "affinity": "TEXT",
            "notNull": false
          },
          {
            "fieldPath": "acquisitionTime",
            "columnName": "acquisitionTime",
            "affinity": "REAL",
            "notNull": false
          },
          {
            "fieldPath": "samplingFrequencies",
            "columnName": "samplingFrequencies",
            "affinity": "TEXT",
            "notNull": false
          },
          {
            "fieldPath": "bleMaxOdr",
            "columnName": "bleMaxOdr",
            "affinity": "REAL",
            "notNull": false
          },
          {
            "fieldPath": "board_compatibility",
            "columnName": "board_compatibility",
            "affinity": "TEXT",
            "notNull": true
          },
          {
            "fieldPath": "configuration",
            "columnName": "configuration",
            "affinity": "TEXT",
            "notNull": false
          }
        ],
        "primaryKey": {
          "autoGenerate": false,
          "columnNames": [
            "unique_id"
          ]
        },
        "indices": [],
        "foreignKeys": []
      },
      {
        "tableName": "bleCharacteristic",
        "createSql": "CREATE TABLE IF NOT EXISTS `${TABLE_NAME}` (`name` TEXT NOT NULL, `uuid` TEXT NOT NULL, `uuidType` INTEGER, `dtmiName` TEXT, `formatNotify` TEXT, `formatWrite` TEXT, PRIMARY KEY(`uuid`))",
        "fields": [
          {
            "fieldPath": "name",
            "columnName": "name",
            "affinity": "TEXT",
            "notNull": true
          },
          {
            "fieldPath": "uuid",
            "columnName": "uuid",
            "affinity": "TEXT",
            "notNull": true
          },
          {
            "fieldPath": "uuidType",
            "columnName": "uuidType",
            "affinity": "INTEGER",
            "notNull": false
          },
          {
            "fieldPath": "dtmiName",
            "columnName": "dtmiName",
            "affinity": "TEXT",
            "notNull": false
          },
          {
            "fieldPath": "formatNotify",
            "columnName": "formatNotify",
            "affinity": "TEXT",
            "notNull": false
          },
          {
            "fieldPath": "formatWrite",
            "columnName": "formatWrite",
            "affinity": "TEXT",
            "notNull": false
          }
        ],
        "primaryKey": {
          "autoGenerate": false,
          "columnNames": [
            "uuid"
          ]
        },
        "indices": [],
        "foreignKeys": []
      }
    ],
    "views": [],
    "setupQueries": [
      "CREATE TABLE IF NOT EXISTS room_master_table (id INTEGER PRIMARY KEY,identity_hash TEXT)",
      "INSERT OR REPLACE INTO room_master_table (id,identity_hash) VALUES(42, '9a9f0cbe282f044859984febad557f97')"
    ]
  }
}